rep,prompt_id,category,K,decision,diagnosis,r_conclusion,r_basis,r_effort,tick,member_count
rep1,A1_semantic_mirage,adversarial,0.0,BLOCK,Multi-Dimension Divergence,0.421668,0.320824,0.848279,26,6
rep1,A1_semantic_mirage,adversarial,0.1,BLOCK,Multi-Dimension Divergence,0.456171,0.34119,0.873799,26,6
rep1,A1_semantic_mirage,adversarial,0.2,BLOCK,Multi-Dimension Divergence,0.491543,0.362229,0.897108,26,6
rep1,A1_semantic_mirage,adversarial,0.3,BLOCK,Multi-Dimension Divergence,0.527573,0.383874,0.917688,26,6
rep1,A1_semantic_mirage,adversarial,0.4,BLOCK,Multi-Dimension Divergence,0.564086,0.406047,0.935292,26,6
rep1,A1_semantic_mirage,adversarial,0.5,BLOCK,Multi-Dimension Divergence,0.600927,0.428662,0.949923,26,6
rep1,A1_semantic_mirage,adversarial,0.6,BLOCK,Multi-Dimension Divergence,0.63795,0.451625,0.961779,26,6
rep1,A1_semantic_mirage,adversarial,0.7,BLOCK,Multi-Dimension Divergence,0.674976,0.474845,0.971179,26,6
rep1,A1_semantic_mirage,adversarial,0.8,BLOCK,Multi-Dimension Divergence,0.711751,0.498242,0.978494,26,6
rep1,A1_semantic_mirage,adversarial,0.9,BLOCK,Multi-Dimension Divergence,0.747909,0.521757,0.984097,26,6
rep1,A1_semantic_mirage,adversarial,1.0,BLOCK,Multi-Dimension Divergence,0.782961,0.545363,0.988334,26,6
rep1,A2_trojan_consensus,adversarial,0.0,BLOCK,Multi-Dimension Divergence,0.684716,0.375875,0.715186,26,6
rep1,A2_trojan_consensus,adversarial,0.1,BLOCK,Multi-Dimension Divergence,0.730993,0.400946,0.730768,26,6
rep1,A2_trojan_consensus,adversarial,0.2,BLOCK,Multi-Dimension Divergence,0.775125,0.426243,0.748839,26,6
rep1,A2_trojan_consensus,adversarial,0.3,BLOCK,Multi-Dimension Divergence,0.815752,0.45149,0.769312,26,6
rep1,A2_trojan_consensus,adversarial,0.4,BLOCK,Basis Divergence,0.851904,0.476432,0.791838,26,6
rep1,A2_trojan_consensus,adversarial,0.5,BLOCK,Basis Divergence,0.883064,0.50085,0.81581,26,6
rep1,A2_trojan_consensus,adversarial,0.6,BLOCK,Basis Divergence,0.909151,0.524581,0.840403,26,6
rep1,A2_trojan_consensus,adversarial,0.7,BLOCK,Basis Divergence,0.93043,0.547533,0.864684,26,6
rep1,A2_trojan_consensus,adversarial,0.8,BLOCK,Basis Divergence,0.947396,0.569701,0.887744,26,6
rep1,A2_trojan_consensus,adversarial,0.9,BLOCK,Basis Divergence,0.960662,0.591169,0.908824,26,6
rep1,A2_trojan_consensus,adversarial,1.0,BLOCK,Basis Divergence,0.970863,0.612108,0.92741,26,6
rep1,A3_dynamic_range,adversarial,0.0,BLOCK,Multi-Dimension Divergence,0.602392,0.176427,0.843711,36,5
rep1,A3_dynamic_range,adversarial,0.1,BLOCK,Multi-Dimension Divergence,0.655546,0.180447,0.871274,36,5
rep1,A3_dynamic_range,adversarial,0.2,BLOCK,Multi-Dimension Divergence,0.70726,0.184686,0.896047,36,5
rep1,A3_dynamic_range,adversarial,0.3,BLOCK,Multi-Dimension Divergence,0.756022,0.1892,0.917572,36,5
rep1,A3_dynamic_range,adversarial,0.4,BLOCK,Multi-Dimension Divergence,0.800556,0.194051,0.935712,36,5
rep1,A3_dynamic_range,adversarial,0.5,BLOCK,Multi-Dimension Divergence,0.839969,0.199319,0.950589,36,5
rep1,A3_dynamic_range,adversarial,0.6,BLOCK,Basis Divergence,0.873817,0.205093,0.962508,36,5
rep1,A3_dynamic_range,adversarial,0.7,BLOCK,Basis Divergence,0.902083,0.211478,0.971866,36,5
rep1,A3_dynamic_range,adversarial,0.8,BLOCK,Basis Divergence,0.925099,0.218591,0.979091,36,5
rep1,A3_dynamic_range,adversarial,0.9,BLOCK,Basis Divergence,0.943426,0.226565,0.984591,36,5
rep1,A3_dynamic_range,adversarial,1.0,BLOCK,Basis Divergence,0.95774,0.235544,0.988727,36,5
rep1,A4_entropy_flooding,adversarial,0.0,BLOCK,Basis Divergence,0.886665,0.379111,0.900212,26,6
rep1,A4_entropy_flooding,adversarial,0.1,BLOCK,Basis Divergence,0.91038,0.408849,0.921122,26,6
rep1,A4_entropy_flooding,adversarial,0.2,BLOCK,Basis Divergence,0.930174,0.440189,0.938578,26,6
rep1,A4_entropy_flooding,adversarial,0.3,BLOCK,Basis Divergence,0.946315,0.473028,0.952806,26,6
rep1,A4_entropy_flooding,adversarial,0.4,BLOCK,Basis Divergence,0.959208,0.507232,0.964163,26,6
rep1,A4_entropy_flooding,adversarial,0.5,BLOCK,Basis Divergence,0.969323,0.542641,0.973066,26,6
rep1,A4_entropy_flooding,adversarial,0.6,BLOCK,Basis Divergence,0.977137,0.579063,0.979938,26,6
rep1,A4_entropy_flooding,adversarial,0.7,BLOCK,Basis Divergence,0.983095,0.616267,0.985173,26,6
rep1,A4_entropy_flooding,adversarial,0.8,BLOCK,Basis Divergence,0.987588,0.653964,0.989118,26,6
rep1,A4_entropy_flooding,adversarial,0.9,BLOCK,Basis Divergence,0.990943,0.691789,0.992063,26,6
rep1,A4_entropy_flooding,adversarial,1.0,PASS,Full Convergence,0.993429,0.729277,0.994243,26,6
rep1,B2F_atomic_gold,baseline_repeat,0.0,PASS,Full Convergence,0.998396,0.710301,0.749705,26,6
rep1,B2F_atomic_gold,baseline_repeat,0.1,PASS,Full Convergence,0.998812,0.731888,0.769547,26,6
rep1,B2F_atomic_gold,baseline_repeat,0.2,PASS,Full Convergence,0.999123,0.755324,0.79164,26,6
rep1,B2F_atomic_gold,baseline_repeat,0.3,PASS,Full Convergence,0.999355,0.780335,0.815346,26,6
rep1,B2F_atomic_gold,baseline_repeat,0.4,PASS,Full Convergence,0.999527,0.806385,0.839808,26,6
rep1,B2F_atomic_gold,baseline_repeat,0.5,PASS,Full Convergence,0.999654,0.832719,0.864052,26,6
rep1,B2F_atomic_gold,baseline_repeat,0.6,PASS,Full Convergence,0.999748,0.858459,0.887133,26,6
rep1,B2F_atomic_gold,baseline_repeat,0.7,PASS,Full Convergence,0.999817,0.882742,0.908266,26,6
rep1,B2F_atomic_gold,baseline_repeat,0.8,PASS,Full Convergence,0.999868,0.904845,0.926915,26,6
rep1,B2F_atomic_gold,baseline_repeat,0.9,PASS,Full Convergence,0.999905,0.924278,0.942827,26,6
rep1,B2F_atomic_gold,baseline_repeat,1.0,PASS,Full Convergence,0.999932,0.94082,0.955999,26,6
rep1,B2X_carbon_standards,baseline_repeat,0.0,BLOCK,Basis Divergence,0.861112,0.414839,0.789787,26,6
rep1,B2X_carbon_standards,baseline_repeat,0.1,BLOCK,Basis Divergence,0.884774,0.448873,0.82783,26,6
rep1,B2X_carbon_standards,baseline_repeat,0.2,BLOCK,Basis Divergence,0.906339,0.484649,0.861441,26,6
rep1,B2X_carbon_standards,baseline_repeat,0.3,BLOCK,Basis Divergence,0.925307,0.522055,0.890333,26,6
rep1,B2X_carbon_standards,baseline_repeat,0.4,BLOCK,Basis Divergence,0.941458,0.560906,0.914528,26,6
rep1,B2X_carbon_standards,baseline_repeat,0.5,BLOCK,Basis Divergence,0.95482,0.600925,0.934308,26,6
rep1,B2X_carbon_standards,baseline_repeat,0.6,BLOCK,Basis Divergence,0.965602,0.641717,0.950134,26,6
rep1,B2X_carbon_standards,baseline_repeat,0.7,BLOCK,Basis Divergence,0.974116,0.682754,0.962559,26,6
rep1,B2X_carbon_standards,baseline_repeat,0.8,PASS,Full Convergence,0.98072,0.723372,0.972155,26,6
rep1,B2X_carbon_standards,baseline_repeat,0.9,PASS,Full Convergence,0.985765,0.762798,0.979465,26,6
rep1,B2X_carbon_standards,baseline_repeat,1.0,PASS,Full Convergence,0.98957,0.800211,0.984968,26,6
rep1,C1_card_game,creative,0.0,BLOCK,Multi-Dimension Divergence,0.313489,0.64283,0.961068,26,6
rep1,C1_card_game,creative,0.1,BLOCK,Multi-Dimension Divergence,0.316232,0.68826,0.970444,26,6
rep1,C1_card_game,creative,0.2,BLOCK,Conclusion Divergence,0.319082,0.732792,0.977754,26,6
rep1,C1_card_game,creative,0.3,BLOCK,Conclusion Divergence,0.322121,0.775222,0.983381,26,6
rep1,C1_card_game,creative,0.4,BLOCK,Conclusion Divergence,0.325451,0.814471,0.987667,26,6
rep1,C1_card_game,creative,0.5,BLOCK,Conclusion Divergence,0.329199,0.849701,0.990902,26,6
rep1,C1_card_game,creative,0.6,BLOCK,Conclusion Divergence,0.33352,0.880402,0.993325,26,6
rep1,C1_card_game,creative,0.7,BLOCK,Conclusion Divergence,0.338602,0.906409,0.995126,26,6
rep1,C1_card_game,creative,0.8,BLOCK,Conclusion Divergence,0.344671,0.92787,0.996458,26,6
rep1,C1_card_game,creative,0.9,BLOCK,Conclusion Divergence,0.351991,0.945163,0.997438,26,6
rep1,C1_card_game,creative,1.0,BLOCK,Conclusion Divergence,0.360867,0.95881,0.998154,26,6
rep1,C2_bounce_acrostic,creative,0.0,BLOCK,Multi-Dimension Divergence,0.671038,0.134177,0.802358,26,6
rep1,C2_bounce_acrostic,creative,0.1,BLOCK,Multi-Dimension Divergence,0.718085,0.1436,0.827949,26,6
rep1,C2_bounce_acrostic,creative,0.2,BLOCK,Multi-Dimension Divergence,0.762936,0.15379,0.853379,26,6
rep1,C2_bounce_acrostic,creative,0.3,BLOCK,Multi-Dimension Divergence,0.804421,0.164821,0.877704,26,6
rep1,C2_bounce_acrostic,creative,0.4,BLOCK,Multi-Dimension Divergence,0.841639,0.176778,0.900108,26,6
rep1,C2_bounce_acrostic,creative,0.5,BLOCK,Basis Divergence,0.874043,0.189751,0.920009,26,6
rep1,C2_bounce_acrostic,creative,0.6,BLOCK,Basis Divergence,0.901465,0.203843,0.937102,26,6
rep1,C2_bounce_acrostic,creative,0.7,BLOCK,Basis Divergence,0.924071,0.219164,0.951346,26,6
rep1,C2_bounce_acrostic,creative,0.8,BLOCK,Basis Divergence,0.942273,0.235832,0.962904,26,6
rep1,C2_bounce_acrostic,creative,0.9,BLOCK,Basis Divergence,0.956628,0.253974,0.972071,26,6
rep1,C2_bounce_acrostic,creative,1.0,BLOCK,Basis Divergence,0.96775,0.273721,0.9792,26,6
rep1,C3_blacksmith_hospital,creative,0.0,BLOCK,Multi-Dimension Divergence,0.539825,0.42665,0.816901,26,6
rep1,C3_blacksmith_hospital,creative,0.1,BLOCK,Multi-Dimension Divergence,0.559883,0.452626,0.845403,26,6
rep1,C3_blacksmith_hospital,creative,0.2,BLOCK,Multi-Dimension Divergence,0.578791,0.478973,0.872037,26,6
rep1,C3_blacksmith_hospital,creative,0.3,BLOCK,Multi-Dimension Divergence,0.596672,0.505556,0.896129,26,6
rep1,C3_blacksmith_hospital,creative,0.4,BLOCK,Multi-Dimension Divergence,0.613732,0.532273,0.917232,26,6
rep1,C3_blacksmith_hospital,creative,0.5,BLOCK,Multi-Dimension Divergence,0.630249,0.559071,0.935165,26,6
rep1,C3_blacksmith_hospital,creative,0.6,BLOCK,Multi-Dimension Divergence,0.646565,0.585959,0.949988,26,6
rep1,C3_blacksmith_hospital,creative,0.7,BLOCK,Multi-Dimension Divergence,0.663064,0.613007,0.961944,26,6
rep1,C3_blacksmith_hospital,creative,0.8,BLOCK,Multi-Dimension Divergence,0.680147,0.640332,0.971385,26,6
rep1,C3_blacksmith_hospital,creative,0.9,BLOCK,Multi-Dimension Divergence,0.698197,0.66807,0.978704,26,6
rep1,C3_blacksmith_hospital,creative,1.0,BLOCK,Multi-Dimension Divergence,0.717531,0.696324,0.984293,26,6
rep1,C4_neural_net_metaphor,creative,0.0,BLOCK,Multi-Dimension Divergence,0.661742,0.437996,0.734829,26,6
rep1,C4_neural_net_metaphor,creative,0.1,BLOCK,Multi-Dimension Divergence,0.670846,0.490853,0.772088,26,6
rep1,C4_neural_net_metaphor,creative,0.2,BLOCK,Multi-Dimension Divergence,0.680781,0.545733,0.807564,26,6
rep1,C4_neural_net_metaphor,creative,0.3,BLOCK,Multi-Dimension Divergence,0.691935,0.601429,0.840487,26,6
rep1,C4_neural_net_metaphor,creative,0.4,BLOCK,Multi-Dimension Divergence,0.704683,0.656524,0.870204,26,6
rep1,C4_neural_net_metaphor,creative,0.5,BLOCK,Conclusion Divergence,0.719352,0.709524,0.896269,26,6
rep1,C4_neural_net_metaphor,creative,0.6,BLOCK,Conclusion Divergence,0.73617,0.759022,0.918497,26,6
rep1,C4_neural_net_metaphor,creative,0.7,BLOCK,Conclusion Divergence,0.75521,0.803862,0.936953,26,6
rep1,C4_neural_net_metaphor,creative,0.8,BLOCK,Conclusion Divergence,0.776338,0.843273,0.951909,26,6
rep1,C4_neural_net_metaphor,creative,0.9,BLOCK,Conclusion Divergence,0.79918,0.876914,0.963769,26,6
rep1,C4_neural_net_metaphor,creative,1.0,BLOCK,Conclusion Divergence,0.823131,0.904857,0.972999,26,6
rep1,F1_boiling_point,factual,0.0,PASS,Full Convergence,1,1,0.74624,26,6
rep1,F1_boiling_point,factual,0.1,PASS,Full Convergence,1,1,0.765693,26,6
rep1,F1_boiling_point,factual,0.2,PASS,Full Convergence,1,1,0.787465,26,6
rep1,F1_boiling_point,factual,0.3,PASS,Full Convergence,1,1,0.810968,26,6
rep1,F1_boiling_point,factual,0.4,PASS,Full Convergence,1,1,0.835382,26,6
rep1,F1_boiling_point,factual,0.5,PASS,Full Convergence,1,1,0.859747,26,6
rep1,F1_boiling_point,factual,0.6,PASS,Full Convergence,1,1,0.883107,26,6
rep1,F1_boiling_point,factual,0.7,PASS,Full Convergence,1,1,0.90464,26,6
rep1,F1_boiling_point,factual,0.8,PASS,Full Convergence,1,1,0.923765,26,6
rep1,F1_boiling_point,factual,0.9,PASS,Full Convergence,1,1,0.940177,26,6
rep1,F1_boiling_point,factual,1.0,PASS,Full Convergence,1,1,0.953835,26,6
rep1,F2_fraction_conversion,factual,0.0,BLOCK,Multi-Dimension Divergence,0.838181,0.307228,0.75482,26,6
rep1,F2_fraction_conversion,factual,0.1,BLOCK,Basis Divergence,0.863018,0.325198,0.795247,26,6
rep1,F2_fraction_conversion,factual,0.2,BLOCK,Basis Divergence,0.886502,0.343798,0.832076,26,6
rep1,F2_fraction_conversion,factual,0.3,BLOCK,Basis Divergence,0.907877,0.362986,0.864706,26,6
rep1,F2_fraction_conversion,factual,0.4,BLOCK,Basis Divergence,0.926648,0.382706,0.892829,26,6
rep1,F2_fraction_conversion,factual,0.5,BLOCK,Basis Divergence,0.942604,0.402887,0.916435,26,6
rep1,F2_fraction_conversion,factual,0.6,BLOCK,Basis Divergence,0.955782,0.423442,0.935768,26,6
rep1,F2_fraction_conversion,factual,0.7,BLOCK,Basis Divergence,0.966395,0.44427,0.951255,26,6
rep1,F2_fraction_conversion,factual,0.8,BLOCK,Basis Divergence,0.974761,0.46526,0.963423,26,6
rep1,F2_fraction_conversion,factual,0.9,BLOCK,Basis Divergence,0.981236,0.486299,0.972823,26,6
rep1,F2_fraction_conversion,factual,1.0,BLOCK,Basis Divergence,0.986173,0.507281,0.979981,26,6
rep1,F3_three_branches,factual,0.0,BLOCK,Basis Divergence,0.977345,0.286181,0.787571,26,6
rep1,F3_three_branches,factual,0.1,BLOCK,Basis Divergence,0.98304,0.305246,0.818277,26,6
rep1,F3_three_branches,factual,0.2,BLOCK,Basis Divergence,0.987375,0.325653,0.847516,26,6
rep1,F3_three_branches,factual,0.3,BLOCK,Basis Divergence,0.990651,0.34747,0.874528,26,6
rep1,F3_three_branches,factual,0.4,BLOCK,Basis Divergence,0.99311,0.370758,0.89871,26,6
rep1,F3_three_branches,factual,0.5,BLOCK,Basis Divergence,0.994945,0.395569,0.919699,26,6
rep1,F3_three_branches,factual,0.6,BLOCK,Basis Divergence,0.996307,0.421949,0.937391,26,6
rep1,F3_three_branches,factual,0.7,BLOCK,Basis Divergence,0.997313,0.449925,0.951911,26,6
rep1,F3_three_branches,factual,0.8,BLOCK,Basis Divergence,0.998053,0.479509,0.96355,26,6
rep1,F3_three_branches,factual,0.9,BLOCK,Basis Divergence,0.998595,0.510684,0.972691,26,6
rep1,F3_three_branches,factual,1.0,BLOCK,Basis Divergence,0.99899,0.543397,0.979744,26,6
rep1,F4_tides,factual,0.0,BLOCK,Multi-Dimension Divergence,0.834803,0.314003,0.853833,26,6
rep1,F4_tides,factual,0.1,BLOCK,Basis Divergence,0.859873,0.33104,0.882338,26,6
rep1,F4_tides,factual,0.2,BLOCK,Basis Divergence,0.883656,0.348907,0.906843,26,6
rep1,F4_tides,factual,0.3,BLOCK,Basis Divergence,0.905378,0.367674,0.927364,26,6
rep1,F4_tides,factual,0.4,BLOCK,Basis Divergence,0.924519,0.387424,0.944141,26,6
rep1,F4_tides,factual,0.5,BLOCK,Basis Divergence,0.940841,0.408252,0.957565,26,6
rep1,F4_tides,factual,0.6,BLOCK,Basis Divergence,0.954358,0.430263,0.968108,26,6
rep1,F4_tides,factual,0.7,BLOCK,Basis Divergence,0.96527,0.45357,0.976255,26,6
rep1,F4_tides,factual,0.8,BLOCK,Basis Divergence,0.973888,0.47829,0.982466,26,6
rep1,F4_tides,factual,0.9,BLOCK,Basis Divergence,0.98057,0.50453,0.987145,26,6
rep1,F4_tides,factual,1.0,BLOCK,Basis Divergence,0.985672,0.532378,0.990637,26,6
rep1,S1_programming_2035,speculative,0.0,BLOCK,Multi-Dimension Divergence,0.7389,0.411898,0.737754,26,6
rep1,S1_programming_2035,speculative,0.1,BLOCK,Multi-Dimension Divergence,0.78645,0.440375,0.767447,26,6
rep1,S1_programming_2035,speculative,0.2,BLOCK,Multi-Dimension Divergence,0.828466,0.471188,0.797339,26,6
rep1,S1_programming_2035,speculative,0.3,BLOCK,Basis Divergence,0.864521,0.504263,0.8267,26,6
rep1,S1_programming_2035,speculative,0.4,BLOCK,Basis Divergence,0.894634,0.539429,0.854715,26,6
rep1,S1_programming_2035,speculative,0.5,BLOCK,Basis Divergence,0.919177,0.576415,0.880614,26,6
rep1,S1_programming_2035,speculative,0.6,BLOCK,Basis Divergence,0.938753,0.614835,0.903791,26,6
rep1,S1_programming_2035,speculative,0.7,BLOCK,Basis Divergence,0.95408,0.654193,0.923884,26,6
rep1,S1_programming_2035,speculative,0.8,BLOCK,Basis Divergence,0.965889,0.693874,0.940792,26,6
rep1,S1_programming_2035,speculative,0.9,PASS,Full Convergence,0.974867,0.733165,0.954639,26,6
rep1,S1_programming_2035,speculative,1.0,PASS,Full Convergence,0.981614,0.771274,0.96571,26,6
rep1,S2_grocery_2045,speculative,0.0,BLOCK,Conclusion Divergence,0.67269,0.767008,0.81219,26,6
rep1,S2_grocery_2045,speculative,0.1,BLOCK,Conclusion Divergence,0.71805,0.804912,0.845756,26,6
rep1,S2_grocery_2045,speculative,0.2,BLOCK,Conclusion Divergence,0.761845,0.839631,0.875556,26,6
rep1,S2_grocery_2045,speculative,0.3,BLOCK,Conclusion Divergence,0.802761,0.870537,0.901289,26,6
rep1,S2_grocery_2045,speculative,0.4,BLOCK,Conclusion Divergence,0.839761,0.897277,0.922924,26,6
rep1,S2_grocery_2045,speculative,0.5,PASS,Full Convergence,0.872182,0.919793,0.940671,26,6
rep1,S2_grocery_2045,speculative,0.6,PASS,Full Convergence,0.899761,0.938281,0.954909,26,6
rep1,S2_grocery_2045,speculative,0.7,PASS,Full Convergence,0.922593,0.953122,0.966112,26,6
rep1,S2_grocery_2045,speculative,0.8,PASS,Full Convergence,0.94104,0.964799,0.97478,26,6
rep1,S2_grocery_2045,speculative,0.9,PASS,Full Convergence,0.955632,0.973832,0.98139,26,6
rep1,S2_grocery_2045,speculative,1.0,PASS,Full Convergence,0.966963,0.980716,0.986371,26,6
rep1,S3_mars_colony,speculative,0.0,BLOCK,Multi-Dimension Divergence,0.398791,0.219504,0.774231,26,6
rep1,S3_mars_colony,speculative,0.1,BLOCK,Multi-Dimension Divergence,0.43225,0.238601,0.800142,26,6
rep1,S3_mars_colony,speculative,0.2,BLOCK,Multi-Dimension Divergence,0.466879,0.259107,0.826553,26,6
rep1,S3_mars_colony,speculative,0.3,BLOCK,Multi-Dimension Divergence,0.502509,0.281058,0.85258,26,6
rep1,S3_mars_colony,speculative,0.4,BLOCK,Multi-Dimension Divergence,0.538968,0.304473,0.877322,26,6
rep1,S3_mars_colony,speculative,0.5,BLOCK,Multi-Dimension Divergence,0.57609,0.329357,0.900002,26,6
rep1,S3_mars_colony,speculative,0.6,BLOCK,Multi-Dimension Divergence,0.613695,0.355696,0.920075,26,6
rep1,S3_mars_colony,speculative,0.7,BLOCK,Multi-Dimension Divergence,0.651568,0.383455,0.937264,26,6
rep1,S3_mars_colony,speculative,0.8,BLOCK,Multi-Dimension Divergence,0.689426,0.412583,0.951553,26,6
rep1,S3_mars_colony,speculative,0.9,BLOCK,Multi-Dimension Divergence,0.726885,0.44301,0.963122,26,6
rep1,S3_mars_colony,speculative,1.0,BLOCK,Multi-Dimension Divergence,0.763444,0.474652,0.97228,26,6
rep1,S4_llms_10_years,speculative,0.0,BLOCK,Multi-Dimension Divergence,0.335067,0.155612,0.81166,26,6
rep1,S4_llms_10_years,speculative,0.1,BLOCK,Multi-Dimension Divergence,0.347084,0.167463,0.839522,26,6
rep1,S4_llms_10_years,speculative,0.2,BLOCK,Multi-Dimension Divergence,0.359796,0.180366,0.866017,26,6
rep1,S4_llms_10_years,speculative,0.3,BLOCK,Multi-Dimension Divergence,0.373285,0.194444,0.89037,26,6
rep1,S4_llms_10_years,speculative,0.4,BLOCK,Multi-Dimension Divergence,0.387619,0.209834,0.912011,26,6
rep1,S4_llms_10_years,speculative,0.5,BLOCK,Multi-Dimension Divergence,0.402843,0.226689,0.930636,26,6
rep1,S4_llms_10_years,speculative,0.6,BLOCK,Multi-Dimension Divergence,0.418972,0.245177,0.946201,26,6
rep1,S4_llms_10_years,speculative,0.7,BLOCK,Multi-Dimension Divergence,0.435982,0.265476,0.958871,26,6
rep1,S4_llms_10_years,speculative,0.8,BLOCK,Multi-Dimension Divergence,0.453812,0.287775,0.968953,26,6
rep1,S4_llms_10_years,speculative,0.9,BLOCK,Multi-Dimension Divergence,0.472357,0.31226,0.976819,26,6
rep1,S4_llms_10_years,speculative,1.0,BLOCK,Multi-Dimension Divergence,0.49148,0.339111,0.982857,26,6
rep1,X1_av_trolley,controversial,0.0,BLOCK,Multi-Dimension Divergence,0.333631,0.278285,0.724773,26,6
rep1,X1_av_trolley,controversial,0.1,BLOCK,Multi-Dimension Divergence,0.358379,0.303487,0.757621,26,6
rep1,X1_av_trolley,controversial,0.2,BLOCK,Multi-Dimension Divergence,0.38633,0.330702,0.790117,26,6
rep1,X1_av_trolley,controversial,0.3,BLOCK,Multi-Dimension Divergence,0.417734,0.360004,0.821553,26,6
rep1,X1_av_trolley,controversial,0.4,BLOCK,Multi-Dimension Divergence,0.452713,0.391445,0.85116,26,6
rep1,X1_av_trolley,controversial,0.5,BLOCK,Multi-Dimension Divergence,0.491212,0.425033,0.878235,26,6
rep1,X1_av_trolley,controversial,0.6,BLOCK,Multi-Dimension Divergence,0.532943,0.46073,0.902248,26,6
rep1,X1_av_trolley,controversial,0.7,BLOCK,Multi-Dimension Divergence,0.577348,0.498425,0.922914,26,6
rep1,X1_av_trolley,controversial,0.8,BLOCK,Multi-Dimension Divergence,0.623586,0.537918,0.9402,26,6
rep1,X1_av_trolley,controversial,0.9,BLOCK,Multi-Dimension Divergence,0.670563,0.578901,0.954289,26,6
rep1,X1_av_trolley,controversial,1.0,BLOCK,Multi-Dimension Divergence,0.717006,0.620933,0.965511,26,6
rep1,X2_ai_art_ethics,controversial,0.0,BLOCK,Multi-Dimension Divergence,0.55279,0.159924,0.758228,26,6
rep1,X2_ai_art_ethics,controversial,0.1,BLOCK,Multi-Dimension Divergence,0.600277,0.173706,0.792044,26,6
rep1,X2_ai_art_ethics,controversial,0.2,BLOCK,Multi-Dimension Divergence,0.648826,0.188707,0.824358,26,6
rep1,X2_ai_art_ethics,controversial,0.3,BLOCK,Multi-Dimension Divergence,0.697128,0.205024,0.854425,26,6
rep1,X2_ai_art_ethics,controversial,0.4,BLOCK,Multi-Dimension Divergence,0.74378,0.222754,0.881602,26,6
rep1,X2_ai_art_ethics,controversial,0.5,BLOCK,Multi-Dimension Divergence,0.787458,0.241996,0.905449,26,6
rep1,X2_ai_art_ethics,controversial,0.6,BLOCK,Multi-Dimension Divergence,0.827076,0.26285,0.925774,26,6
rep1,X2_ai_art_ethics,controversial,0.7,BLOCK,Basis Divergence,0.861905,0.28541,0.942635,26,6
rep1,X2_ai_art_ethics,controversial,0.8,BLOCK,Basis Divergence,0.891621,0.309767,0.956282,26,6
rep1,X2_ai_art_ethics,controversial,0.9,BLOCK,Basis Divergence,0.916283,0.335999,0.96709,26,6
rep1,X2_ai_art_ethics,controversial,1.0,BLOCK,Basis Divergence,0.936247,0.364168,0.975492,26,6
rep1,X3_mandatory_voting,controversial,0.0,BLOCK,Basis Divergence,0.900783,0.123906,0.747222,26,6
rep1,X3_mandatory_voting,controversial,0.1,BLOCK,Basis Divergence,0.923546,0.142449,0.774412,26,6
rep1,X3_mandatory_voting,controversial,0.2,BLOCK,Basis Divergence,0.941739,0.163447,0.80224,26,6
rep1,X3_mandatory_voting,controversial,0.3,BLOCK,Basis Divergence,0.956034,0.187144,0.829971,26,6
rep1,X3_mandatory_voting,controversial,0.4,BLOCK,Basis Divergence,0.967104,0.213775,0.85676,26,6
rep1,X3_mandatory_voting,controversial,0.5,BLOCK,Basis Divergence,0.975571,0.243559,0.881783,26,6
rep1,X3_mandatory_voting,controversial,0.6,BLOCK,Basis Divergence,0.981979,0.276678,0.904372,26,6
rep1,X3_mandatory_voting,controversial,0.7,BLOCK,Basis Divergence,0.986785,0.313252,0.924096,26,6
rep1,X3_mandatory_voting,controversial,0.8,BLOCK,Basis Divergence,0.990362,0.353307,0.940791,26,6
rep1,X3_mandatory_voting,controversial,0.9,BLOCK,Basis Divergence,0.993006,0.396742,0.954531,26,6
rep1,X3_mandatory_voting,controversial,1.0,BLOCK,Basis Divergence,0.994948,0.443287,0.96556,26,6
rep1,X4_company_harm,controversial,0.0,BLOCK,Multi-Dimension Divergence,0.682034,0.349044,0.751419,26,6
rep1,X4_company_harm,controversial,0.1,BLOCK,Multi-Dimension Divergence,0.728843,0.369237,0.779597,26,6
rep1,X4_company_harm,controversial,0.2,BLOCK,Multi-Dimension Divergence,0.773263,0.390148,0.808092,26,6
rep1,X4_company_harm,controversial,0.3,BLOCK,Multi-Dimension Divergence,0.814067,0.411682,0.836138,26,6
rep1,X4_company_harm,controversial,0.4,BLOCK,Basis Divergence,0.850367,0.433717,0.862895,26,6
rep1,X4_company_harm,controversial,0.5,BLOCK,Basis Divergence,0.881687,0.456108,0.887587,26,6
rep1,X4_company_harm,controversial,0.6,BLOCK,Basis Divergence,0.907952,0.478698,0.909623,26,6
rep1,X4_company_harm,controversial,0.7,BLOCK,Basis Divergence,0.929418,0.50133,0.928663,26,6
rep1,X4_company_harm,controversial,0.8,BLOCK,Basis Divergence,0.946568,0.523863,0.944629,26,6
rep1,X4_company_harm,controversial,0.9,BLOCK,Basis Divergence,0.960003,0.546188,0.957661,26,6
rep1,X4_company_harm,controversial,1.0,BLOCK,Basis Divergence,0.970351,0.56825,0.96805,26,6
rep2,A1_semantic_mirage,adversarial,0.0,BLOCK,Multi-Dimension Divergence,0.485082,0.199447,0.850733,26,6
rep2,A1_semantic_mirage,adversarial,0.1,BLOCK,Multi-Dimension Divergence,0.501353,0.217043,0.87573,26,6
rep2,A1_semantic_mirage,adversarial,0.2,BLOCK,Multi-Dimension Divergence,0.517987,0.236253,0.898618,26,6
rep2,A1_semantic_mirage,adversarial,0.3,BLOCK,Multi-Dimension Divergence,0.534744,0.257178,0.918859,26,6
rep2,A1_semantic_mirage,adversarial,0.4,BLOCK,Multi-Dimension Divergence,0.551395,0.279907,0.936192,26,6
rep2,A1_semantic_mirage,adversarial,0.5,BLOCK,Multi-Dimension Divergence,0.567753,0.304518,0.950608,26,6
rep2,A1_semantic_mirage,adversarial,0.6,BLOCK,Multi-Dimension Divergence,0.583684,0.331069,0.962297,26,6
rep2,A1_semantic_mirage,adversarial,0.7,BLOCK,Multi-Dimension Divergence,0.599132,0.359591,0.971566,26,6
rep2,A1_semantic_mirage,adversarial,0.8,BLOCK,Multi-Dimension Divergence,0.614118,0.390088,0.978781,26,6
rep2,A1_semantic_mirage,adversarial,0.9,BLOCK,Multi-Dimension Divergence,0.62875,0.422524,0.984309,26,6
rep2,A1_semantic_mirage,adversarial,1.0,BLOCK,Multi-Dimension Divergence,0.643215,0.45682,0.988489,26,6
rep2,A2_trojan_consensus,adversarial,0.0,BLOCK,Multi-Dimension Divergence,0.684716,0.375875,0.715186,26,6
rep2,A2_trojan_consensus,adversarial,0.1,BLOCK,Multi-Dimension Divergence,0.730993,0.400946,0.730768,26,6
rep2,A2_trojan_consensus,adversarial,0.2,BLOCK,Multi-Dimension Divergence,0.775125,0.426243,0.748839,26,6
rep2,A2_trojan_consensus,adversarial,0.3,BLOCK,Multi-Dimension Divergence,0.815752,0.45149,0.769312,26,6
rep2,A2_trojan_consensus,adversarial,0.4,BLOCK,Basis Divergence,0.851904,0.476432,0.791838,26,6
rep2,A2_trojan_consensus,adversarial,0.5,BLOCK,Basis Divergence,0.883064,0.50085,0.81581,26,6
rep2,A2_trojan_consensus,adversarial,0.6,BLOCK,Basis Divergence,0.909151,0.524581,0.840403,26,6
rep2,A2_trojan_consensus,adversarial,0.7,BLOCK,Basis Divergence,0.93043,0.547533,0.864684,26,6
rep2,A2_trojan_consensus,adversarial,0.8,BLOCK,Basis Divergence,0.947396,0.569701,0.887744,26,6
rep2,A2_trojan_consensus,adversarial,0.9,BLOCK,Basis Divergence,0.960662,0.591169,0.908824,26,6
rep2,A2_trojan_consensus,adversarial,1.0,BLOCK,Basis Divergence,0.970863,0.612108,0.92741,26,6
rep2,A3_dynamic_range,adversarial,0.0,BLOCK,Multi-Dimension Divergence,0.602138,0.257004,0.843566,36,5
rep2,A3_dynamic_range,adversarial,0.1,BLOCK,Multi-Dimension Divergence,0.655294,0.283565,0.871112,36,5
rep2,A3_dynamic_range,adversarial,0.2,BLOCK,Multi-Dimension Divergence,0.70702,0.313566,0.895886,36,5
rep2,A3_dynamic_range,adversarial,0.3,BLOCK,Multi-Dimension Divergence,0.7558,0.347154,0.917424,36,5
rep2,A3_dynamic_range,adversarial,0.4,BLOCK,Multi-Dimension Divergence,0.800358,0.384375,0.935582,36,5
rep2,A3_dynamic_range,adversarial,0.5,BLOCK,Multi-Dimension Divergence,0.839798,0.425138,0.950481,36,5
rep2,A3_dynamic_range,adversarial,0.6,BLOCK,Basis Divergence,0.873673,0.469176,0.96242,36,5
rep2,A3_dynamic_range,adversarial,0.7,BLOCK,Basis Divergence,0.901966,0.51601,0.971797,36,5
rep2,A3_dynamic_range,adversarial,0.8,BLOCK,Basis Divergence,0.925005,0.564926,0.979038,36,5
rep2,A3_dynamic_range,adversarial,0.9,BLOCK,Basis Divergence,0.943353,0.614977,0.98455,36,5
rep2,A3_dynamic_range,adversarial,1.0,BLOCK,Basis Divergence,0.957683,0.665021,0.988696,36,5
rep2,A4_entropy_flooding,adversarial,0.0,BLOCK,Basis Divergence,0.898484,0.165077,0.880129,26,6
rep2,A4_entropy_flooding,adversarial,0.1,BLOCK,Basis Divergence,0.919447,0.183516,0.903458,26,6
rep2,A4_entropy_flooding,adversarial,0.2,BLOCK,Basis Divergence,0.937067,0.203702,0.923574,26,6
rep2,A4_entropy_flooding,adversarial,0.3,BLOCK,Basis Divergence,0.951511,0.22574,0.94044,26,6
rep2,A4_entropy_flooding,adversarial,0.4,BLOCK,Basis Divergence,0.963095,0.249731,0.95423,26,6
rep2,A4_entropy_flooding,adversarial,0.5,BLOCK,Basis Divergence,0.972211,0.275766,0.965257,26,6
rep2,A4_entropy_flooding,adversarial,0.6,BLOCK,Basis Divergence,0.979269,0.303915,0.97391,26,6
rep2,A4_entropy_flooding,adversarial,0.7,BLOCK,Basis Divergence,0.98466,0.334232,0.980589,26,6
rep2,A4_entropy_flooding,adversarial,0.8,BLOCK,Basis Divergence,0.98873,0.366736,0.985676,26,6
rep2,A4_entropy_flooding,adversarial,0.9,BLOCK,Basis Divergence,0.991773,0.401409,0.989505,26,6
rep2,A4_entropy_flooding,adversarial,1.0,BLOCK,Basis Divergence,0.994028,0.438182,0.992359,26,6
rep2,B2F_atomic_gold,baseline_repeat,0.0,PASS,Full Convergence,0.998396,0.710301,0.749705,26,6
rep2,B2F_atomic_gold,baseline_repeat,0.1,PASS,Full Convergence,0.998812,0.731888,0.769547,26,6
rep2,B2F_atomic_gold,baseline_repeat,0.2,PASS,Full Convergence,0.999123,0.755324,0.79164,26,6
rep2,B2F_atomic_gold,baseline_repeat,0.3,PASS,Full Convergence,0.999355,0.780335,0.815346,26,6
rep2,B2F_atomic_gold,baseline_repeat,0.4,PASS,Full Convergence,0.999527,0.806385,0.839808,26,6
rep2,B2F_atomic_gold,baseline_repeat,0.5,PASS,Full Convergence,0.999654,0.832719,0.864052,26,6
rep2,B2F_atomic_gold,baseline_repeat,0.6,PASS,Full Convergence,0.999748,0.858459,0.887133,26,6
rep2,B2F_atomic_gold,baseline_repeat,0.7,PASS,Full Convergence,0.999817,0.882742,0.908266,26,6
rep2,B2F_atomic_gold,baseline_repeat,0.8,PASS,Full Convergence,0.999868,0.904845,0.926915,26,6
rep2,B2F_atomic_gold,baseline_repeat,0.9,PASS,Full Convergence,0.999905,0.924278,0.942827,26,6
rep2,B2F_atomic_gold,baseline_repeat,1.0,PASS,Full Convergence,0.999932,0.94082,0.955999,26,6
rep2,B2X_carbon_standards,baseline_repeat,0.0,BLOCK,Basis Divergence,0.873398,0.462527,0.791549,26,6
rep2,B2X_carbon_standards,baseline_repeat,0.1,BLOCK,Basis Divergence,0.896082,0.49412,0.829366,26,6
rep2,B2X_carbon_standards,baseline_repeat,0.2,BLOCK,Basis Divergence,0.916362,0.526926,0.862749,26,6
rep2,B2X_carbon_standards,baseline_repeat,0.3,BLOCK,Basis Divergence,0.93389,0.560894,0.891421,26,6
rep2,B2X_carbon_standards,baseline_repeat,0.4,BLOCK,Basis Divergence,0.948587,0.595935,0.915412,26,6
rep2,B2X_carbon_standards,baseline_repeat,0.5,BLOCK,Basis Divergence,0.960586,0.631899,0.935013,26,6
rep2,B2X_carbon_standards,baseline_repeat,0.6,BLOCK,Basis Divergence,0.970159,0.668539,0.950685,26,6
rep2,B2X_carbon_standards,baseline_repeat,0.7,PASS,Full Convergence,0.97765,0.70548,0.962983,26,6
rep2,B2X_carbon_standards,baseline_repeat,0.8,PASS,Full Convergence,0.983417,0.742208,0.972478,26,6
rep2,B2X_carbon_standards,baseline_repeat,0.9,PASS,Full Convergence,0.987795,0.778072,0.979707,26,6
rep2,B2X_carbon_standards,baseline_repeat,1.0,PASS,Full Convergence,0.991082,0.812338,0.985147,26,6
rep2,C1_card_game,creative,0.0,BLOCK,Conclusion Divergence,0.313489,0.719777,0.961993,26,6
rep2,C1_card_game,creative,0.1,BLOCK,Conclusion Divergence,0.316232,0.754507,0.971161,26,6
rep2,C1_card_game,creative,0.2,BLOCK,Conclusion Divergence,0.319082,0.788542,0.978302,26,6
rep2,C1_card_game,creative,0.3,BLOCK,Conclusion Divergence,0.322121,0.821143,0.983796,26,6
rep2,C1_card_game,creative,0.4,BLOCK,Conclusion Divergence,0.325451,0.851554,0.987979,26,6
rep2,C1_card_game,creative,0.5,BLOCK,Conclusion Divergence,0.329199,0.879114,0.991134,26,6
rep2,C1_card_game,creative,0.6,BLOCK,Conclusion Divergence,0.33352,0.903356,0.993496,26,6
rep2,C1_card_game,creative,0.7,BLOCK,Conclusion Divergence,0.338602,0.924068,0.995252,26,6
rep2,C1_card_game,creative,0.8,BLOCK,Conclusion Divergence,0.344671,0.941283,0.99655,26,6
rep2,C1_card_game,creative,0.9,BLOCK,Conclusion Divergence,0.351991,0.955239,0.997504,26,6
rep2,C1_card_game,creative,1.0,BLOCK,Conclusion Divergence,0.360867,0.966306,0.998202,26,6
rep2,C2_bounce_acrostic,creative,0.0,BLOCK,Multi-Dimension Divergence,0.671038,0.134177,0.802358,26,6
rep2,C2_bounce_acrostic,creative,0.1,BLOCK,Multi-Dimension Divergence,0.718085,0.1436,0.827949,26,6
rep2,C2_bounce_acrostic,creative,0.2,BLOCK,Multi-Dimension Divergence,0.762936,0.15379,0.853379,26,6
rep2,C2_bounce_acrostic,creative,0.3,BLOCK,Multi-Dimension Divergence,0.804421,0.164821,0.877704,26,6
rep2,C2_bounce_acrostic,creative,0.4,BLOCK,Multi-Dimension Divergence,0.841639,0.176778,0.900108,26,6
rep2,C2_bounce_acrostic,creative,0.5,BLOCK,Basis Divergence,0.874043,0.189751,0.920009,26,6
rep2,C2_bounce_acrostic,creative,0.6,BLOCK,Basis Divergence,0.901465,0.203843,0.937102,26,6
rep2,C2_bounce_acrostic,creative,0.7,BLOCK,Basis Divergence,0.924071,0.219164,0.951346,26,6
rep2,C2_bounce_acrostic,creative,0.8,BLOCK,Basis Divergence,0.942273,0.235832,0.962904,26,6
rep2,C2_bounce_acrostic,creative,0.9,BLOCK,Basis Divergence,0.956628,0.253974,0.972071,26,6
rep2,C2_bounce_acrostic,creative,1.0,BLOCK,Basis Divergence,0.96775,0.273721,0.9792,26,6
rep2,C3_blacksmith_hospital,creative,0.0,BLOCK,Multi-Dimension Divergence,0.836679,0.580395,0.974069,36,5
rep2,C3_blacksmith_hospital,creative,0.1,BLOCK,Basis Divergence,0.870168,0.615033,0.980553,36,5
rep2,C3_blacksmith_hospital,creative,0.2,BLOCK,Basis Divergence,0.898368,0.65102,0.985504,36,5
rep2,C3_blacksmith_hospital,creative,0.3,BLOCK,Basis Divergence,0.921541,0.688006,0.989254,36,5
rep2,C3_blacksmith_hospital,creative,0.4,PASS,Full Convergence,0.940175,0.725431,0.992074,36,5
rep2,C3_blacksmith_hospital,creative,0.5,PASS,Full Convergence,0.954876,0.762533,0.994181,36,5
rep2,C3_blacksmith_hospital,creative,0.6,PASS,Full Convergence,0.966285,0.798418,0.995747,36,5
rep2,C3_blacksmith_hospital,creative,0.7,PASS,Full Convergence,0.975019,0.832166,0.996904,36,5
rep2,C3_blacksmith_hospital,creative,0.8,PASS,Full Convergence,0.981624,0.862963,0.997756,36,5
rep2,C3_blacksmith_hospital,creative,0.9,PASS,Full Convergence,0.986571,0.890215,0.99838,36,5
rep2,C3_blacksmith_hospital,creative,1.0,PASS,Full Convergence,0.990244,0.913615,0.998835,36,5
rep2,C4_neural_net_metaphor,creative,0.0,BLOCK,Multi-Dimension Divergence,0.661742,0.437996,0.734829,26,6
rep2,C4_neural_net_metaphor,creative,0.1,BLOCK,Multi-Dimension Divergence,0.670846,0.490853,0.772088,26,6
rep2,C4_neural_net_metaphor,creative,0.2,BLOCK,Multi-Dimension Divergence,0.680781,0.545733,0.807564,26,6
rep2,C4_neural_net_metaphor,creative,0.3,BLOCK,Multi-Dimension Divergence,0.691935,0.601429,0.840487,26,6
rep2,C4_neural_net_metaphor,creative,0.4,BLOCK,Multi-Dimension Divergence,0.704683,0.656524,0.870204,26,6
rep2,C4_neural_net_metaphor,creative,0.5,BLOCK,Conclusion Divergence,0.719352,0.709524,0.896269,26,6
rep2,C4_neural_net_metaphor,creative,0.6,BLOCK,Conclusion Divergence,0.73617,0.759022,0.918497,26,6
rep2,C4_neural_net_metaphor,creative,0.7,BLOCK,Conclusion Divergence,0.75521,0.803862,0.936953,26,6
rep2,C4_neural_net_metaphor,creative,0.8,BLOCK,Conclusion Divergence,0.776338,0.843273,0.951909,26,6
rep2,C4_neural_net_metaphor,creative,0.9,BLOCK,Conclusion Divergence,0.79918,0.876914,0.963769,26,6
rep2,C4_neural_net_metaphor,creative,1.0,BLOCK,Conclusion Divergence,0.823131,0.904857,0.972999,26,6
rep2,F1_boiling_point,factual,0.0,PASS,Full Convergence,1,1,0.74624,26,6
rep2,F1_boiling_point,factual,0.1,PASS,Full Convergence,1,1,0.765693,26,6
rep2,F1_boiling_point,factual,0.2,PASS,Full Convergence,1,1,0.787465,26,6
rep2,F1_boiling_point,factual,0.3,PASS,Full Convergence,1,1,0.810968,26,6
rep2,F1_boiling_point,factual,0.4,PASS,Full Convergence,1,1,0.835382,26,6
rep2,F1_boiling_point,factual,0.5,PASS,Full Convergence,1,1,0.859747,26,6
rep2,F1_boiling_point,factual,0.6,PASS,Full Convergence,1,1,0.883107,26,6
rep2,F1_boiling_point,factual,0.7,PASS,Full Convergence,1,1,0.90464,26,6
rep2,F1_boiling_point,factual,0.8,PASS,Full Convergence,1,1,0.923765,26,6
rep2,F1_boiling_point,factual,0.9,PASS,Full Convergence,1,1,0.940177,26,6
rep2,F1_boiling_point,factual,1.0,PASS,Full Convergence,1,1,0.953835,26,6
rep2,F2_fraction_conversion,factual,0.0,BLOCK,Multi-Dimension Divergence,0.838181,0.307228,0.75482,26,6
rep2,F2_fraction_conversion,factual,0.1,BLOCK,Basis Divergence,0.863018,0.325198,0.795247,26,6
rep2,F2_fraction_conversion,factual,0.2,BLOCK,Basis Divergence,0.886502,0.343798,0.832076,26,6
rep2,F2_fraction_conversion,factual,0.3,BLOCK,Basis Divergence,0.907877,0.362986,0.864706,26,6
rep2,F2_fraction_conversion,factual,0.4,BLOCK,Basis Divergence,0.926648,0.382706,0.892829,26,6
rep2,F2_fraction_conversion,factual,0.5,BLOCK,Basis Divergence,0.942604,0.402887,0.916435,26,6
rep2,F2_fraction_conversion,factual,0.6,BLOCK,Basis Divergence,0.955782,0.423442,0.935768,26,6
rep2,F2_fraction_conversion,factual,0.7,BLOCK,Basis Divergence,0.966395,0.44427,0.951255,26,6
rep2,F2_fraction_conversion,factual,0.8,BLOCK,Basis Divergence,0.974761,0.46526,0.963423,26,6
rep2,F2_fraction_conversion,factual,0.9,BLOCK,Basis Divergence,0.981236,0.486299,0.972823,26,6
rep2,F2_fraction_conversion,factual,1.0,BLOCK,Basis Divergence,0.986173,0.507281,0.979981,26,6
rep2,F3_three_branches,factual,0.0,BLOCK,Basis Divergence,0.977063,0.502571,0.787525,26,6
rep2,F3_three_branches,factual,0.1,BLOCK,Basis Divergence,0.982778,0.539682,0.818257,26,6
rep2,F3_three_branches,factual,0.2,BLOCK,Basis Divergence,0.987151,0.57794,0.847515,26,6
rep2,F3_three_branches,factual,0.3,BLOCK,Basis Divergence,0.990468,0.617077,0.874539,26,6
rep2,F3_three_branches,factual,0.4,BLOCK,Basis Divergence,0.992966,0.656734,0.898728,26,6
rep2,F3_three_branches,factual,0.5,BLOCK,Basis Divergence,0.994834,0.696439,0.91972,26,6
rep2,F3_three_branches,factual,0.6,PASS,Full Convergence,0.996222,0.735595,0.937412,26,6
rep2,F3_three_branches,factual,0.7,PASS,Full Convergence,0.99725,0.773499,0.95193,26,6
rep2,F3_three_branches,factual,0.8,PASS,Full Convergence,0.998006,0.80939,0.963567,26,6
rep2,F3_three_branches,factual,0.9,PASS,Full Convergence,0.99856,0.842534,0.972704,26,6
rep2,F3_three_branches,factual,1.0,PASS,Full Convergence,0.998964,0.872321,0.979754,26,6
rep2,F4_tides,factual,0.0,BLOCK,Multi-Dimension Divergence,0.835057,0.169413,0.85709,26,6
rep2,F4_tides,factual,0.1,BLOCK,Basis Divergence,0.860145,0.180507,0.885059,26,6
rep2,F4_tides,factual,0.2,BLOCK,Basis Divergence,0.883926,0.192616,0.909072,26,6
rep2,F4_tides,factual,0.3,BLOCK,Basis Divergence,0.905631,0.20582,0.929156,26,6
rep2,F4_tides,factual,0.4,BLOCK,Basis Divergence,0.924744,0.220197,0.945555,26,6
rep2,F4_tides,factual,0.5,BLOCK,Basis Divergence,0.941033,0.23582,0.958664,26,6
rep2,F4_tides,factual,0.6,BLOCK,Basis Divergence,0.954517,0.252757,0.968949,26,6
rep2,F4_tides,factual,0.7,BLOCK,Basis Divergence,0.965397,0.271067,0.976891,26,6
rep2,F4_tides,factual,0.8,BLOCK,Basis Divergence,0.973988,0.290798,0.982941,26,6
rep2,F4_tides,factual,0.9,BLOCK,Basis Divergence,0.980648,0.311987,0.987498,26,6
rep2,F4_tides,factual,1.0,BLOCK,Basis Divergence,0.985731,0.334654,0.990896,26,6
rep2,S1_programming_2035,speculative,0.0,BLOCK,Multi-Dimension Divergence,0.717004,0.506654,0.72144,26,6
rep2,S1_programming_2035,speculative,0.1,BLOCK,Multi-Dimension Divergence,0.766912,0.524821,0.749831,26,6
rep2,S1_programming_2035,speculative,0.2,BLOCK,Multi-Dimension Divergence,0.81154,0.542009,0.778919,26,6
rep2,S1_programming_2035,speculative,0.3,BLOCK,Basis Divergence,0.850263,0.558058,0.808113,26,6
rep2,S1_programming_2035,speculative,0.4,BLOCK,Basis Divergence,0.882928,0.572851,0.83665,26,6
rep2,S1_programming_2035,speculative,0.5,BLOCK,Basis Divergence,0.909784,0.586321,0.863711,26,6
rep2,S1_programming_2035,speculative,0.6,BLOCK,Basis Divergence,0.931367,0.598446,0.888554,26,6
rep2,S1_programming_2035,speculative,0.7,BLOCK,Basis Divergence,0.948372,0.609254,0.910622,26,6
rep2,S1_programming_2035,speculative,0.8,BLOCK,Basis Divergence,0.961543,0.618806,0.929616,26,6
rep2,S1_programming_2035,speculative,0.9,BLOCK,Basis Divergence,0.971599,0.6272,0.945488,26,6
rep2,S1_programming_2035,speculative,1.0,BLOCK,Basis Divergence,0.979183,0.634556,0.958404,26,6
rep2,S2_grocery_2045,speculative,0.0,BLOCK,Conclusion Divergence,0.672693,0.77071,0.811534,26,6
rep2,S2_grocery_2045,speculative,0.1,BLOCK,Conclusion Divergence,0.718052,0.80806,0.845066,26,6
rep2,S2_grocery_2045,speculative,0.2,BLOCK,Conclusion Divergence,0.761847,0.842265,0.874884,26,6
rep2,S2_grocery_2045,speculative,0.3,BLOCK,Conclusion Divergence,0.802763,0.872703,0.90067,26,6
rep2,S2_grocery_2045,speculative,0.4,BLOCK,Conclusion Divergence,0.839763,0.899028,0.922382,26,6
rep2,S2_grocery_2045,speculative,0.5,PASS,Full Convergence,0.872184,0.921185,0.940214,26,6
rep2,S2_grocery_2045,speculative,0.6,PASS,Full Convergence,0.899762,0.93937,0.954536,26,6
rep2,S2_grocery_2045,speculative,0.7,PASS,Full Convergence,0.922594,0.953961,0.965815,26,6
rep2,S2_grocery_2045,speculative,0.8,PASS,Full Convergence,0.941041,0.965438,0.974548,26,6
rep2,S2_grocery_2045,speculative,0.9,PASS,Full Convergence,0.955632,0.974311,0.981213,26,6
rep2,S2_grocery_2045,speculative,1.0,PASS,Full Convergence,0.966964,0.981073,0.986237,26,6
rep2,S3_mars_colony,speculative,0.0,BLOCK,Multi-Dimension Divergence,0.23089,0.135908,0.774943,26,6
rep2,S3_mars_colony,speculative,0.1,BLOCK,Multi-Dimension Divergence,0.252687,0.141819,0.800859,26,6
rep2,S3_mars_colony,speculative,0.2,BLOCK,Multi-Dimension Divergence,0.276614,0.148097,0.827258,26,6
rep2,S3_mars_colony,speculative,0.3,BLOCK,Multi-Dimension Divergence,0.302844,0.154778,0.853253,26,6
rep2,S3_mars_colony,speculative,0.4,BLOCK,Multi-Dimension Divergence,0.331535,0.161904,0.877943,26,6
rep2,S3_mars_colony,speculative,0.5,BLOCK,Multi-Dimension Divergence,0.362817,0.16952,0.900558,26,6
rep2,S3_mars_colony,speculative,0.6,BLOCK,Multi-Dimension Divergence,0.396771,0.177677,0.920555,26,6
rep2,S3_mars_colony,speculative,0.7,BLOCK,Multi-Dimension Divergence,0.433406,0.186431,0.937667,26,6
rep2,S3_mars_colony,speculative,0.8,BLOCK,Multi-Dimension Divergence,0.472629,0.195843,0.951882,26,6
rep2,S3_mars_colony,speculative,0.9,BLOCK,Multi-Dimension Divergence,0.514215,0.205981,0.963384,26,6
rep2,S3_mars_colony,speculative,1.0,BLOCK,Multi-Dimension Divergence,0.557778,0.216918,0.972484,26,6
rep2,S4_llms_10_years,speculative,0.0,BLOCK,Multi-Dimension Divergence,0.0738816,0.106184,0.796701,26,6
rep2,S4_llms_10_years,speculative,0.1,BLOCK,Multi-Dimension Divergence,0.0818609,0.116467,0.824545,26,6
rep2,S4_llms_10_years,speculative,0.2,BLOCK,Multi-Dimension Divergence,0.0908755,0.127645,0.851621,26,6
rep2,S4_llms_10_years,speculative,0.3,BLOCK,Multi-Dimension Divergence,0.101035,0.139771,0.87707,26,6
rep2,S4_llms_10_years,speculative,0.4,BLOCK,Multi-Dimension Divergence,0.112458,0.152896,0.900178,26,6
rep2,S4_llms_10_years,speculative,0.5,BLOCK,Multi-Dimension Divergence,0.125273,0.167066,0.920467,26,6
rep2,S4_llms_10_years,speculative,0.6,BLOCK,Multi-Dimension Divergence,0.139617,0.18232,0.93773,26,6
rep2,S4_llms_10_years,speculative,0.7,BLOCK,Multi-Dimension Divergence,0.155634,0.198685,0.952005,26,6
rep2,S4_llms_10_years,speculative,0.8,BLOCK,Multi-Dimension Divergence,0.17348,0.216179,0.963516,26,6
rep2,S4_llms_10_years,speculative,0.9,BLOCK,Multi-Dimension Divergence,0.193313,0.2348,0.9726,26,6
rep2,S4_llms_10_years,speculative,1.0,BLOCK,Multi-Dimension Divergence,0.215295,0.254529,0.979636,26,6
rep2,X1_av_trolley,controversial,0.0,BLOCK,Multi-Dimension Divergence,0.307198,0.24545,0.708691,26,6
rep2,X1_av_trolley,controversial,0.1,BLOCK,Multi-Dimension Divergence,0.321672,0.2581,0.741067,26,6
rep2,X1_av_trolley,controversial,0.2,BLOCK,Multi-Dimension Divergence,0.338108,0.271515,0.773452,26,6
rep2,X1_av_trolley,controversial,0.3,BLOCK,Multi-Dimension Divergence,0.356886,0.285787,0.805233,26,6
rep2,X1_av_trolley,controversial,0.4,BLOCK,Multi-Dimension Divergence,0.378382,0.301017,0.835671,26,6
rep2,X1_av_trolley,controversial,0.5,BLOCK,Multi-Dimension Divergence,0.402943,0.317314,0.864016,26,6
rep2,X1_av_trolley,controversial,0.6,BLOCK,Multi-Dimension Divergence,0.430847,0.334786,0.889625,26,6
rep2,X1_av_trolley,controversial,0.7,BLOCK,Multi-Dimension Divergence,0.462257,0.35354,0.912063,26,6
rep2,X1_av_trolley,controversial,0.8,BLOCK,Multi-Dimension Divergence,0.497173,0.373671,0.931148,26,6
rep2,X1_av_trolley,controversial,0.9,BLOCK,Multi-Dimension Divergence,0.53539,0.395257,0.946938,26,6
rep2,X1_av_trolley,controversial,1.0,BLOCK,Multi-Dimension Divergence,0.576457,0.418351,0.95968,26,6
rep2,X2_ai_art_ethics,controversial,0.0,BLOCK,Multi-Dimension Divergence,0.55279,0.159924,0.758228,26,6
rep2,X2_ai_art_ethics,controversial,0.1,BLOCK,Multi-Dimension Divergence,0.600277,0.173706,0.792044,26,6
rep2,X2_ai_art_ethics,controversial,0.2,BLOCK,Multi-Dimension Divergence,0.648826,0.188707,0.824358,26,6
rep2,X2_ai_art_ethics,controversial,0.3,BLOCK,Multi-Dimension Divergence,0.697128,0.205024,0.854425,26,6
rep2,X2_ai_art_ethics,controversial,0.4,BLOCK,Multi-Dimension Divergence,0.74378,0.222754,0.881602,26,6
rep2,X2_ai_art_ethics,controversial,0.5,BLOCK,Multi-Dimension Divergence,0.787458,0.241996,0.905449,26,6
rep2,X2_ai_art_ethics,controversial,0.6,BLOCK,Multi-Dimension Divergence,0.827076,0.26285,0.925774,26,6
rep2,X2_ai_art_ethics,controversial,0.7,BLOCK,Basis Divergence,0.861905,0.28541,0.942635,26,6
rep2,X2_ai_art_ethics,controversial,0.8,BLOCK,Basis Divergence,0.891621,0.309767,0.956282,26,6
rep2,X2_ai_art_ethics,controversial,0.9,BLOCK,Basis Divergence,0.916283,0.335999,0.96709,26,6
rep2,X2_ai_art_ethics,controversial,1.0,BLOCK,Basis Divergence,0.936247,0.364168,0.975492,26,6
rep2,X3_mandatory_voting,controversial,0.0,BLOCK,Basis Divergence,0.951155,0.1214,0.727008,26,6
rep2,X3_mandatory_voting,controversial,0.1,BLOCK,Basis Divergence,0.962602,0.134587,0.75496,26,6
rep2,X3_mandatory_voting,controversial,0.2,BLOCK,Basis Divergence,0.971656,0.149195,0.78363,26,6
rep2,X3_mandatory_voting,controversial,0.3,BLOCK,Basis Divergence,0.978708,0.165359,0.812407,26,6
rep2,X3_mandatory_voting,controversial,0.4,BLOCK,Basis Divergence,0.98413,0.18322,0.840514,26,6
rep2,X3_mandatory_voting,controversial,0.5,BLOCK,Basis Divergence,0.988251,0.202926,0.867126,26,6
rep2,X3_mandatory_voting,controversial,0.6,BLOCK,Basis Divergence,0.991356,0.22463,0.891507,26,6
rep2,X3_mandatory_voting,controversial,0.7,BLOCK,Basis Divergence,0.993675,0.248483,0.913118,26,6
rep2,X3_mandatory_voting,controversial,0.8,BLOCK,Basis Divergence,0.995395,0.27463,0.931675,26,6
rep2,X3_mandatory_voting,controversial,0.9,BLOCK,Basis Divergence,0.996663,0.303201,0.947148,26,6
rep2,X3_mandatory_voting,controversial,1.0,BLOCK,Basis Divergence,0.997593,0.3343,0.959714,26,6
rep2,X4_company_harm,controversial,0.0,BLOCK,Multi-Dimension Divergence,0.684409,0.357928,0.757538,26,6
rep2,X4_company_harm,controversial,0.1,BLOCK,Multi-Dimension Divergence,0.733345,0.376385,0.786172,26,6
rep2,X4_company_harm,controversial,0.2,BLOCK,Multi-Dimension Divergence,0.77883,0.395488,0.81488,26,6
rep2,X4_company_harm,controversial,0.3,BLOCK,Multi-Dimension Divergence,0.819898,0.415151,0.842865,26,6
rep2,X4_company_harm,controversial,0.4,BLOCK,Basis Divergence,0.855923,0.435252,0.869296,26,6
rep2,X4_company_harm,controversial,0.5,BLOCK,Basis Divergence,0.88665,0.455641,0.893444,26,6
rep2,X4_company_harm,controversial,0.6,BLOCK,Basis Divergence,0.912181,0.476143,0.914786,26,6
rep2,X4_company_harm,controversial,0.7,BLOCK,Basis Divergence,0.932893,0.496573,0.933063,26,6
rep2,X4_company_harm,controversial,0.8,BLOCK,Basis Divergence,0.949343,0.516745,0.948266,26,6
rep2,X4_company_harm,controversial,0.9,BLOCK,Basis Divergence,0.962169,0.536493,0.960588,26,6
rep2,X4_company_harm,controversial,1.0,BLOCK,Basis Divergence,0.972011,0.555684,0.970353,26,6
rep3,A1_semantic_mirage,adversarial,0.0,BLOCK,Multi-Dimension Divergence,0.49491,0.182979,0.860313,26,6
rep3,A1_semantic_mirage,adversarial,0.1,BLOCK,Multi-Dimension Divergence,0.512414,0.200847,0.884523,26,6
rep3,A1_semantic_mirage,adversarial,0.2,BLOCK,Multi-Dimension Divergence,0.530219,0.220542,0.906419,26,6
rep3,A1_semantic_mirage,adversarial,0.3,BLOCK,Multi-Dimension Divergence,0.548117,0.242218,0.925562,26,6
rep3,A1_semantic_mirage,adversarial,0.4,BLOCK,Multi-Dimension Divergence,0.56594,0.266031,0.941782,26,6
rep3,A1_semantic_mirage,adversarial,0.5,BLOCK,Multi-Dimension Divergence,0.583577,0.29213,0.95515,26,6
rep3,A1_semantic_mirage,adversarial,0.6,BLOCK,Multi-Dimension Divergence,0.600997,0.320648,0.965902,26,6
rep3,A1_semantic_mirage,adversarial,0.7,BLOCK,Multi-Dimension Divergence,0.618256,0.351691,0.974372,26,6
rep3,A1_semantic_mirage,adversarial,0.8,BLOCK,Multi-Dimension Divergence,0.635498,0.385319,0.980929,26,6
rep3,A1_semantic_mirage,adversarial,0.9,BLOCK,Multi-Dimension Divergence,0.652942,0.421532,0.98593,26,6
rep3,A1_semantic_mirage,adversarial,1.0,BLOCK,Multi-Dimension Divergence,0.670865,0.460241,0.989698,26,6
rep3,A2_trojan_consensus,adversarial,0.0,BLOCK,Multi-Dimension Divergence,0.684716,0.375875,0.715186,26,6
rep3,A2_trojan_consensus,adversarial,0.1,BLOCK,Multi-Dimension Divergence,0.730993,0.400946,0.730768,26,6
rep3,A2_trojan_consensus,adversarial,0.2,BLOCK,Multi-Dimension Divergence,0.775125,0.426243,0.748839,26,6
rep3,A2_trojan_consensus,adversarial,0.3,BLOCK,Multi-Dimension Divergence,0.815752,0.45149,0.769312,26,6
rep3,A2_trojan_consensus,adversarial,0.4,BLOCK,Basis Divergence,0.851904,0.476432,0.791838,26,6
rep3,A2_trojan_consensus,adversarial,0.5,BLOCK,Basis Divergence,0.883064,0.50085,0.81581,26,6
rep3,A2_trojan_consensus,adversarial,0.6,BLOCK,Basis Divergence,0.909151,0.524581,0.840403,26,6
rep3,A2_trojan_consensus,adversarial,0.7,BLOCK,Basis Divergence,0.93043,0.547533,0.864684,26,6
rep3,A2_trojan_consensus,adversarial,0.8,BLOCK,Basis Divergence,0.947396,0.569701,0.887744,26,6
rep3,A2_trojan_consensus,adversarial,0.9,BLOCK,Basis Divergence,0.960662,0.591169,0.908824,26,6
rep3,A2_trojan_consensus,adversarial,1.0,BLOCK,Basis Divergence,0.970863,0.612108,0.92741,26,6
rep3,A3_dynamic_range,adversarial,0.0,BLOCK,Multi-Dimension Divergence,0.602392,0.275084,0.844441,36,5
rep3,A3_dynamic_range,adversarial,0.1,BLOCK,Multi-Dimension Divergence,0.655546,0.307323,0.872201,36,5
rep3,A3_dynamic_range,adversarial,0.2,BLOCK,Multi-Dimension Divergence,0.70726,0.342681,0.897024,36,5
rep3,A3_dynamic_range,adversarial,0.3,BLOCK,Multi-Dimension Divergence,0.756022,0.381195,0.918502,36,5
rep3,A3_dynamic_range,adversarial,0.4,BLOCK,Multi-Dimension Divergence,0.800556,0.422789,0.93654,36,5
rep3,A3_dynamic_range,adversarial,0.5,BLOCK,Multi-Dimension Divergence,0.839969,0.467236,0.951291,36,5
rep3,A3_dynamic_range,adversarial,0.6,BLOCK,Basis Divergence,0.873817,0.514125,0.963081,36,5
rep3,A3_dynamic_range,adversarial,0.7,BLOCK,Basis Divergence,0.902083,0.562835,0.972322,36,5
rep3,A3_dynamic_range,adversarial,0.8,BLOCK,Basis Divergence,0.925099,0.612526,0.979446,36,5
rep3,A3_dynamic_range,adversarial,0.9,BLOCK,Basis Divergence,0.943426,0.662168,0.984861,36,5
rep3,A3_dynamic_range,adversarial,1.0,PASS,Full Convergence,0.95774,0.710601,0.98893,36,5
rep3,A4_entropy_flooding,adversarial,0.0,BLOCK,Basis Divergence,0.959832,0.346083,0.846629,26,6
rep3,A4_entropy_flooding,adversarial,0.1,BLOCK,Basis Divergence,0.969671,0.3612,0.874974,26,6
rep3,A4_entropy_flooding,adversarial,0.2,BLOCK,Basis Divergence,0.977271,0.37691,0.899873,26,6
rep3,A4_entropy_flooding,adversarial,0.3,BLOCK,Basis Divergence,0.983078,0.393191,0.921136,26,6
rep3,A4_entropy_flooding,adversarial,0.4,BLOCK,Basis Divergence,0.987476,0.409998,0.938819,26,6
rep3,A4_entropy_flooding,adversarial,0.5,BLOCK,Basis Divergence,0.990781,0.427252,0.953177,26,6
rep3,A4_entropy_flooding,adversarial,0.6,BLOCK,Basis Divergence,0.993247,0.444844,0.964592,26,6
rep3,A4_entropy_flooding,adversarial,0.7,BLOCK,Basis Divergence,0.995076,0.462632,0.973503,26,6
rep3,A4_entropy_flooding,adversarial,0.8,BLOCK,Basis Divergence,0.996425,0.480445,0.980351,26,6
rep3,A4_entropy_flooding,adversarial,0.9,BLOCK,Basis Divergence,0.997416,0.498089,0.985545,26,6
rep3,A4_entropy_flooding,adversarial,1.0,BLOCK,Basis Divergence,0.99814,0.515362,0.989441,26,6
rep3,B2F_atomic_gold,baseline_repeat,0.0,PASS,Full Convergence,0.998396,0.710301,0.749705,26,6
rep3,B2F_atomic_gold,baseline_repeat,0.1,PASS,Full Convergence,0.998812,0.731888,0.769547,26,6
rep3,B2F_atomic_gold,baseline_repeat,0.2,PASS,Full Convergence,0.999123,0.755324,0.79164,26,6
rep3,B2F_atomic_gold,baseline_repeat,0.3,PASS,Full Convergence,0.999355,0.780335,0.815346,26,6
rep3,B2F_atomic_gold,baseline_repeat,0.4,PASS,Full Convergence,0.999527,0.806385,0.839808,26,6
rep3,B2F_atomic_gold,baseline_repeat,0.5,PASS,Full Convergence,0.999654,0.832719,0.864052,26,6
rep3,B2F_atomic_gold,baseline_repeat,0.6,PASS,Full Convergence,0.999748,0.858459,0.887133,26,6
rep3,B2F_atomic_gold,baseline_repeat,0.7,PASS,Full Convergence,0.999817,0.882742,0.908266,26,6
rep3,B2F_atomic_gold,baseline_repeat,0.8,PASS,Full Convergence,0.999868,0.904845,0.926915,26,6
rep3,B2F_atomic_gold,baseline_repeat,0.9,PASS,Full Convergence,0.999905,0.924278,0.942827,26,6
rep3,B2F_atomic_gold,baseline_repeat,1.0,PASS,Full Convergence,0.999932,0.94082,0.955999,26,6
rep3,B2X_carbon_standards,baseline_repeat,0.0,BLOCK,Basis Divergence,0.873398,0.267789,0.790682,26,6
rep3,B2X_carbon_standards,baseline_repeat,0.1,BLOCK,Basis Divergence,0.896082,0.294969,0.828611,26,6
rep3,B2X_carbon_standards,baseline_repeat,0.2,BLOCK,Basis Divergence,0.916362,0.324727,0.862107,26,6
rep3,B2X_carbon_standards,baseline_repeat,0.3,BLOCK,Basis Divergence,0.93389,0.357171,0.890886,26,6
rep3,B2X_carbon_standards,baseline_repeat,0.4,BLOCK,Basis Divergence,0.948587,0.392352,0.914978,26,6
rep3,B2X_carbon_standards,baseline_repeat,0.5,BLOCK,Basis Divergence,0.960586,0.430243,0.934667,26,6
rep3,B2X_carbon_standards,baseline_repeat,0.6,BLOCK,Basis Divergence,0.970159,0.470711,0.950415,26,6
rep3,B2X_carbon_standards,baseline_repeat,0.7,BLOCK,Basis Divergence,0.97765,0.513489,0.962775,26,6
rep3,B2X_carbon_standards,baseline_repeat,0.8,BLOCK,Basis Divergence,0.983417,0.558146,0.97232,26,6
rep3,B2X_carbon_standards,baseline_repeat,0.9,BLOCK,Basis Divergence,0.987795,0.604076,0.979589,26,6
rep3,B2X_carbon_standards,baseline_repeat,1.0,BLOCK,Basis Divergence,0.991082,0.650495,0.985059,26,6
rep3,C1_card_game,creative,0.0,BLOCK,Multi-Dimension Divergence,0.313489,0.509047,0.960417,26,6
rep3,C1_card_game,creative,0.1,BLOCK,Multi-Dimension Divergence,0.316232,0.550742,0.970004,26,6
rep3,C1_card_game,creative,0.2,BLOCK,Multi-Dimension Divergence,0.319082,0.595236,0.977455,26,6
rep3,C1_card_game,creative,0.3,BLOCK,Multi-Dimension Divergence,0.322121,0.641503,0.983177,26,6
rep3,C1_card_game,creative,0.4,BLOCK,Multi-Dimension Divergence,0.325451,0.688268,0.987527,26,6
rep3,C1_card_game,creative,0.5,BLOCK,Conclusion Divergence,0.329199,0.73412,0.990805,26,6
rep3,C1_card_game,creative,0.6,BLOCK,Conclusion Divergence,0.33352,0.777673,0.993257,26,6
rep3,C1_card_game,creative,0.7,BLOCK,Conclusion Divergence,0.338602,0.817725,0.995079,26,6
rep3,C1_card_game,creative,0.8,BLOCK,Conclusion Divergence,0.344671,0.853395,0.996425,26,6
rep3,C1_card_game,creative,0.9,BLOCK,Conclusion Divergence,0.351991,0.884198,0.997414,26,6
rep3,C1_card_game,creative,1.0,BLOCK,Conclusion Divergence,0.360867,0.91004,0.998138,26,6
rep3,C2_bounce_acrostic,creative,0.0,BLOCK,Multi-Dimension Divergence,0.671038,0.385372,0.802358,26,6
rep3,C2_bounce_acrostic,creative,0.1,BLOCK,Multi-Dimension Divergence,0.718085,0.409005,0.827949,26,6
rep3,C2_bounce_acrostic,creative,0.2,BLOCK,Multi-Dimension Divergence,0.762936,0.433362,0.853379,26,6
rep3,C2_bounce_acrostic,creative,0.3,BLOCK,Multi-Dimension Divergence,0.804421,0.458414,0.877704,26,6
rep3,C2_bounce_acrostic,creative,0.4,BLOCK,Multi-Dimension Divergence,0.841639,0.484135,0.900108,26,6
rep3,C2_bounce_acrostic,creative,0.5,BLOCK,Basis Divergence,0.874043,0.510518,0.920009,26,6
rep3,C2_bounce_acrostic,creative,0.6,BLOCK,Basis Divergence,0.901465,0.537573,0.937102,26,6
rep3,C2_bounce_acrostic,creative,0.7,BLOCK,Basis Divergence,0.924071,0.565328,0.951346,26,6
rep3,C2_bounce_acrostic,creative,0.8,BLOCK,Basis Divergence,0.942273,0.593827,0.962904,26,6
rep3,C2_bounce_acrostic,creative,0.9,BLOCK,Basis Divergence,0.956628,0.623113,0.972071,26,6
rep3,C2_bounce_acrostic,creative,1.0,BLOCK,Basis Divergence,0.96775,0.653205,0.9792,26,6
rep3,C3_blacksmith_hospital,creative,0.0,BLOCK,Multi-Dimension Divergence,0.539825,0.42665,0.816901,26,6
rep3,C3_blacksmith_hospital,creative,0.1,BLOCK,Multi-Dimension Divergence,0.559883,0.452626,0.845403,26,6
rep3,C3_blacksmith_hospital,creative,0.2,BLOCK,Multi-Dimension Divergence,0.578791,0.478973,0.872037,26,6
rep3,C3_blacksmith_hospital,creative,0.3,BLOCK,Multi-Dimension Divergence,0.596672,0.505556,0.896129,26,6
rep3,C3_blacksmith_hospital,creative,0.4,BLOCK,Multi-Dimension Divergence,0.613732,0.532273,0.917232,26,6
rep3,C3_blacksmith_hospital,creative,0.5,BLOCK,Multi-Dimension Divergence,0.630249,0.559071,0.935165,26,6
rep3,C3_blacksmith_hospital,creative,0.6,BLOCK,Multi-Dimension Divergence,0.646565,0.585959,0.949988,26,6
rep3,C3_blacksmith_hospital,creative,0.7,BLOCK,Multi-Dimension Divergence,0.663064,0.613007,0.961944,26,6
rep3,C3_blacksmith_hospital,creative,0.8,BLOCK,Multi-Dimension Divergence,0.680147,0.640332,0.971385,26,6
rep3,C3_blacksmith_hospital,creative,0.9,BLOCK,Multi-Dimension Divergence,0.698197,0.66807,0.978704,26,6
rep3,C3_blacksmith_hospital,creative,1.0,BLOCK,Multi-Dimension Divergence,0.717531,0.696324,0.984293,26,6
rep3,C4_neural_net_metaphor,creative,0.0,BLOCK,Basis Divergence,0.98048,0.50779,0.739134,26,6
rep3,C4_neural_net_metaphor,creative,0.1,BLOCK,Basis Divergence,0.985441,0.554171,0.773113,26,6
rep3,C4_neural_net_metaphor,creative,0.2,BLOCK,Basis Divergence,0.989194,0.602502,0.80612,26,6
rep3,C4_neural_net_metaphor,creative,0.3,BLOCK,Basis Divergence,0.992017,0.651661,0.837395,26,6
rep3,C4_neural_net_metaphor,creative,0.4,PASS,Full Convergence,0.994127,0.700327,0.866206,26,6
rep3,C4_neural_net_metaphor,creative,0.5,PASS,Full Convergence,0.995697,0.747114,0.891969,26,6
rep3,C4_neural_net_metaphor,creative,0.6,PASS,Full Convergence,0.99686,0.790728,0.914329,26,6
rep3,C4_neural_net_metaphor,creative,0.7,PASS,Full Convergence,0.997717,0.830129,0.933188,26,6
rep3,C4_neural_net_metaphor,creative,0.8,PASS,Full Convergence,0.998347,0.864639,0.948678,26,6
rep3,C4_neural_net_metaphor,creative,0.9,PASS,Full Convergence,0.998808,0.893986,0.961103,26,6
rep3,C4_neural_net_metaphor,creative,1.0,PASS,Full Convergence,0.999143,0.918269,0.970866,26,6
rep3,F1_boiling_point,factual,0.0,PASS,Full Convergence,1,1,0.777098,26,6
rep3,F1_boiling_point,factual,0.1,PASS,Full Convergence,1,1,0.800077,26,6
rep3,F1_boiling_point,factual,0.2,PASS,Full Convergence,1,1,0.824351,26,6
rep3,F1_boiling_point,factual,0.3,PASS,Full Convergence,1,1,0.848989,26,6
rep3,F1_boiling_point,factual,0.4,PASS,Full Convergence,1,1,0.873002,26,6
rep3,F1_boiling_point,factual,0.5,PASS,Full Convergence,1,1,0.895487,26,6
rep3,F1_boiling_point,factual,0.6,PASS,Full Convergence,1,1,0.915751,26,6
rep3,F1_boiling_point,factual,0.7,PASS,Full Convergence,1,1,0.933375,26,6
rep3,F1_boiling_point,factual,0.8,PASS,Full Convergence,1,1,0.948217,26,6
rep3,F1_boiling_point,factual,0.9,PASS,Full Convergence,1,1,0.960366,26,6
rep3,F1_boiling_point,factual,1.0,PASS,Full Convergence,1,1,0.97007,26,6
rep3,F2_fraction_conversion,factual,0.0,BLOCK,Multi-Dimension Divergence,0.838181,0.307228,0.75482,26,6
rep3,F2_fraction_conversion,factual,0.1,BLOCK,Basis Divergence,0.863018,0.325198,0.795247,26,6
rep3,F2_fraction_conversion,factual,0.2,BLOCK,Basis Divergence,0.886502,0.343798,0.832076,26,6
rep3,F2_fraction_conversion,factual,0.3,BLOCK,Basis Divergence,0.907877,0.362986,0.864706,26,6
rep3,F2_fraction_conversion,factual,0.4,BLOCK,Basis Divergence,0.926648,0.382706,0.892829,26,6
rep3,F2_fraction_conversion,factual,0.5,BLOCK,Basis Divergence,0.942604,0.402887,0.916435,26,6
rep3,F2_fraction_conversion,factual,0.6,BLOCK,Basis Divergence,0.955782,0.423442,0.935768,26,6
rep3,F2_fraction_conversion,factual,0.7,BLOCK,Basis Divergence,0.966395,0.44427,0.951255,26,6
rep3,F2_fraction_conversion,factual,0.8,BLOCK,Basis Divergence,0.974761,0.46526,0.963423,26,6
rep3,F2_fraction_conversion,factual,0.9,BLOCK,Basis Divergence,0.981236,0.486299,0.972823,26,6
rep3,F2_fraction_conversion,factual,1.0,BLOCK,Basis Divergence,0.986173,0.507281,0.979981,26,6
rep3,F3_three_branches,factual,0.0,BLOCK,Basis Divergence,0.977063,0.502571,0.787525,26,6
rep3,F3_three_branches,factual,0.1,BLOCK,Basis Divergence,0.982778,0.539682,0.818257,26,6
rep3,F3_three_branches,factual,0.2,BLOCK,Basis Divergence,0.987151,0.57794,0.847515,26,6
rep3,F3_three_branches,factual,0.3,BLOCK,Basis Divergence,0.990468,0.617077,0.874539,26,6
rep3,F3_three_branches,factual,0.4,BLOCK,Basis Divergence,0.992966,0.656734,0.898728,26,6
rep3,F3_three_branches,factual,0.5,BLOCK,Basis Divergence,0.994834,0.696439,0.91972,26,6
rep3,F3_three_branches,factual,0.6,PASS,Full Convergence,0.996222,0.735595,0.937412,26,6
rep3,F3_three_branches,factual,0.7,PASS,Full Convergence,0.99725,0.773499,0.95193,26,6
rep3,F3_three_branches,factual,0.8,PASS,Full Convergence,0.998006,0.80939,0.963567,26,6
rep3,F3_three_branches,factual,0.9,PASS,Full Convergence,0.99856,0.842534,0.972704,26,6
rep3,F3_three_branches,factual,1.0,PASS,Full Convergence,0.998964,0.872321,0.979754,26,6
rep3,F4_tides,factual,0.0,BLOCK,Multi-Dimension Divergence,0.834805,0.423278,0.835659,26,6
rep3,F4_tides,factual,0.1,BLOCK,Basis Divergence,0.859875,0.442193,0.867028,26,6
rep3,F4_tides,factual,0.2,BLOCK,Basis Divergence,0.883658,0.461296,0.894209,26,6
rep3,F4_tides,factual,0.3,BLOCK,Basis Divergence,0.90538,0.480391,0.917146,26,6
rep3,F4_tides,factual,0.4,BLOCK,Basis Divergence,0.924521,0.499264,0.936031,26,6
rep3,F4_tides,factual,0.5,BLOCK,Basis Divergence,0.940843,0.517695,0.951238,26,6
rep3,F4_tides,factual,0.6,BLOCK,Basis Divergence,0.954359,0.535476,0.963245,26,6
rep3,F4_tides,factual,0.7,BLOCK,Basis Divergence,0.965271,0.552428,0.972568,26,6
rep3,F4_tides,factual,0.8,BLOCK,Basis Divergence,0.973889,0.568411,0.979702,26,6
rep3,F4_tides,factual,0.9,BLOCK,Basis Divergence,0.980571,0.583339,0.985093,26,6
rep3,F4_tides,factual,1.0,BLOCK,Basis Divergence,0.985673,0.597184,0.989126,26,6
rep3,S1_programming_2035,speculative,0.0,BLOCK,Multi-Dimension Divergence,0.717015,0.536321,0.722256,26,6
rep3,S1_programming_2035,speculative,0.1,BLOCK,Multi-Dimension Divergence,0.766922,0.552669,0.750434,26,6
rep3,S1_programming_2035,speculative,0.2,BLOCK,Multi-Dimension Divergence,0.811548,0.567767,0.77935,26,6
rep3,S1_programming_2035,speculative,0.3,BLOCK,Basis Divergence,0.85027,0.581529,0.808409,26,6
rep3,S1_programming_2035,speculative,0.4,BLOCK,Basis Divergence,0.882934,0.593916,0.836844,26,6
rep3,S1_programming_2035,speculative,0.5,BLOCK,Basis Divergence,0.909789,0.604933,0.863831,26,6
rep3,S1_programming_2035,speculative,0.6,BLOCK,Basis Divergence,0.931371,0.614622,0.888622,26,6
rep3,S1_programming_2035,speculative,0.7,BLOCK,Basis Divergence,0.948374,0.623053,0.910657,26,6
rep3,S1_programming_2035,speculative,0.8,BLOCK,Basis Divergence,0.961545,0.630321,0.929629,26,6
rep3,S1_programming_2035,speculative,0.9,BLOCK,Basis Divergence,0.9716,0.636532,0.945489,26,6
rep3,S1_programming_2035,speculative,1.0,BLOCK,Basis Divergence,0.979184,0.641797,0.958399,26,6
rep3,S2_grocery_2045,speculative,0.0,BLOCK,Multi-Dimension Divergence,0.672693,0.557624,0.810227,26,6
rep3,S2_grocery_2045,speculative,0.1,BLOCK,Multi-Dimension Divergence,0.718052,0.600272,0.843822,26,6
rep3,S2_grocery_2045,speculative,0.2,BLOCK,Multi-Dimension Divergence,0.761847,0.643826,0.873747,26,6
rep3,S2_grocery_2045,speculative,0.3,BLOCK,Multi-Dimension Divergence,0.802763,0.687504,0.899671,26,6
rep3,S2_grocery_2045,speculative,0.4,BLOCK,Conclusion Divergence,0.839763,0.73039,0.921532,26,6
rep3,S2_grocery_2045,speculative,0.5,PASS,Full Convergence,0.872183,0.771505,0.939512,26,6
rep3,S2_grocery_2045,speculative,0.6,PASS,Full Convergence,0.899762,0.809902,0.953972,26,6
rep3,S2_grocery_2045,speculative,0.7,PASS,Full Convergence,0.922594,0.844773,0.965371,26,6
rep3,S2_grocery_2045,speculative,0.8,PASS,Full Convergence,0.941041,0.87555,0.974206,26,6
rep3,S2_grocery_2045,speculative,0.9,PASS,Full Convergence,0.955632,0.901954,0.980953,26,6
rep3,S2_grocery_2045,speculative,1.0,PASS,Full Convergence,0.966963,0.924001,0.986042,26,6
rep3,S3_mars_colony,speculative,0.0,BLOCK,Multi-Dimension Divergence,0.398161,0.176176,0.774943,26,6
rep3,S3_mars_colony,speculative,0.1,BLOCK,Multi-Dimension Divergence,0.431595,0.188503,0.800859,26,6
rep3,S3_mars_colony,speculative,0.2,BLOCK,Multi-Dimension Divergence,0.466201,0.201892,0.827258,26,6
rep3,S3_mars_colony,speculative,0.3,BLOCK,Multi-Dimension Divergence,0.501806,0.216377,0.853253,26,6
rep3,S3_mars_colony,speculative,0.4,BLOCK,Multi-Dimension Divergence,0.538242,0.231978,0.877943,26,6
rep3,S3_mars_colony,speculative,0.5,BLOCK,Multi-Dimension Divergence,0.57534,0.248699,0.900558,26,6
rep3,S3_mars_colony,speculative,0.6,BLOCK,Multi-Dimension Divergence,0.612921,0.266521,0.920555,26,6
rep3,S3_mars_colony,speculative,0.7,BLOCK,Multi-Dimension Divergence,0.650774,0.285404,0.937667,26,6
rep3,S3_mars_colony,speculative,0.8,BLOCK,Multi-Dimension Divergence,0.688618,0.305277,0.951882,26,6
rep3,S3_mars_colony,speculative,0.9,BLOCK,Multi-Dimension Divergence,0.726071,0.326046,0.963384,26,6
rep3,S3_mars_colony,speculative,1.0,BLOCK,Multi-Dimension Divergence,0.76264,0.347583,0.972484,26,6
rep3,S4_llms_10_years,speculative,0.0,BLOCK,Multi-Dimension Divergence,0.390215,0.358823,0.808913,26,6
rep3,S4_llms_10_years,speculative,0.1,BLOCK,Multi-Dimension Divergence,0.408403,0.39091,0.836795,26,6
rep3,S4_llms_10_years,speculative,0.2,BLOCK,Multi-Dimension Divergence,0.428307,0.425691,0.86342,26,6
rep3,S4_llms_10_years,speculative,0.3,BLOCK,Multi-Dimension Divergence,0.449975,0.463099,0.887992,26,6
rep3,S4_llms_10_years,speculative,0.4,BLOCK,Multi-Dimension Divergence,0.473408,0.502957,0.909914,26,6
rep3,S4_llms_10_years,speculative,0.5,BLOCK,Multi-Dimension Divergence,0.498559,0.544945,0.928848,26,6
rep3,S4_llms_10_years,speculative,0.6,BLOCK,Multi-Dimension Divergence,0.525338,0.588583,0.944722,26,6
rep3,S4_llms_10_years,speculative,0.7,BLOCK,Multi-Dimension Divergence,0.553621,0.633218,0.95768,26,6
rep3,S4_llms_10_years,speculative,0.8,BLOCK,Multi-Dimension Divergence,0.58326,0.678033,0.968014,26,6
rep3,S4_llms_10_years,speculative,0.9,BLOCK,Conclusion Divergence,0.614086,0.722083,0.976094,26,6
rep3,S4_llms_10_years,speculative,1.0,BLOCK,Conclusion Divergence,0.645909,0.764362,0.982306,26,6
rep3,X1_av_trolley,controversial,0.0,BLOCK,Multi-Dimension Divergence,0.335273,0.39895,0.715555,26,6
rep3,X1_av_trolley,controversial,0.1,BLOCK,Multi-Dimension Divergence,0.356789,0.42306,0.747611,26,6
rep3,X1_av_trolley,controversial,0.2,BLOCK,Multi-Dimension Divergence,0.381388,0.447064,0.779656,26,6
rep3,X1_av_trolley,controversial,0.3,BLOCK,Multi-Dimension Divergence,0.409402,0.47073,0.811042,26,6
rep3,X1_av_trolley,controversial,0.4,BLOCK,Multi-Dimension Divergence,0.441057,0.493843,0.84101,26,6
rep3,X1_av_trolley,controversial,0.5,BLOCK,Multi-Dimension Divergence,0.476423,0.516219,0.868809,26,6
rep3,X1_av_trolley,controversial,0.6,BLOCK,Multi-Dimension Divergence,0.515355,0.537722,0.893817,26,6
rep3,X1_av_trolley,controversial,0.7,BLOCK,Multi-Dimension Divergence,0.557447,0.558281,0.915631,26,6
rep3,X1_av_trolley,controversial,0.8,BLOCK,Multi-Dimension Divergence,0.602004,0.577897,0.934106,26,6
rep3,X1_av_trolley,controversial,0.9,BLOCK,Multi-Dimension Divergence,0.648049,0.596653,0.949331,26,6
rep3,X1_av_trolley,controversial,1.0,BLOCK,Multi-Dimension Divergence,0.694377,0.614713,0.961573,26,6
rep3,X2_ai_art_ethics,controversial,0.0,BLOCK,Multi-Dimension Divergence,0.55279,0.159924,0.758228,26,6
rep3,X2_ai_art_ethics,controversial,0.1,BLOCK,Multi-Dimension Divergence,0.600277,0.173706,0.792044,26,6
rep3,X2_ai_art_ethics,controversial,0.2,BLOCK,Multi-Dimension Divergence,0.648826,0.188707,0.824358,26,6
rep3,X2_ai_art_ethics,controversial,0.3,BLOCK,Multi-Dimension Divergence,0.697128,0.205024,0.854425,26,6
rep3,X2_ai_art_ethics,controversial,0.4,BLOCK,Multi-Dimension Divergence,0.74378,0.222754,0.881602,26,6
rep3,X2_ai_art_ethics,controversial,0.5,BLOCK,Multi-Dimension Divergence,0.787458,0.241996,0.905449,26,6
rep3,X2_ai_art_ethics,controversial,0.6,BLOCK,Multi-Dimension Divergence,0.827076,0.26285,0.925774,26,6
rep3,X2_ai_art_ethics,controversial,0.7,BLOCK,Basis Divergence,0.861905,0.28541,0.942635,26,6
rep3,X2_ai_art_ethics,controversial,0.8,BLOCK,Basis Divergence,0.891621,0.309767,0.956282,26,6
rep3,X2_ai_art_ethics,controversial,0.9,BLOCK,Basis Divergence,0.916283,0.335999,0.96709,26,6
rep3,X2_ai_art_ethics,controversial,1.0,BLOCK,Basis Divergence,0.936247,0.364168,0.975492,26,6
rep3,X3_mandatory_voting,controversial,0.0,BLOCK,Basis Divergence,0.900783,0.123906,0.747222,26,6
rep3,X3_mandatory_voting,controversial,0.1,BLOCK,Basis Divergence,0.923546,0.142449,0.774412,26,6
rep3,X3_mandatory_voting,controversial,0.2,BLOCK,Basis Divergence,0.941739,0.163447,0.80224,26,6
rep3,X3_mandatory_voting,controversial,0.3,BLOCK,Basis Divergence,0.956034,0.187144,0.829971,26,6
rep3,X3_mandatory_voting,controversial,0.4,BLOCK,Basis Divergence,0.967104,0.213775,0.85676,26,6
rep3,X3_mandatory_voting,controversial,0.5,BLOCK,Basis Divergence,0.975571,0.243559,0.881783,26,6
rep3,X3_mandatory_voting,controversial,0.6,BLOCK,Basis Divergence,0.981979,0.276678,0.904372,26,6
rep3,X3_mandatory_voting,controversial,0.7,BLOCK,Basis Divergence,0.986785,0.313252,0.924096,26,6
rep3,X3_mandatory_voting,controversial,0.8,BLOCK,Basis Divergence,0.990362,0.353307,0.940791,26,6
rep3,X3_mandatory_voting,controversial,0.9,BLOCK,Basis Divergence,0.993006,0.396742,0.954531,26,6
rep3,X3_mandatory_voting,controversial,1.0,BLOCK,Basis Divergence,0.994948,0.443287,0.96556,26,6
rep3,X4_company_harm,controversial,0.0,BLOCK,Multi-Dimension Divergence,0.685329,0.363568,0.753214,26,6
rep3,X4_company_harm,controversial,0.1,BLOCK,Multi-Dimension Divergence,0.732,0.379628,0.781534,26,6
rep3,X4_company_harm,controversial,0.2,BLOCK,Multi-Dimension Divergence,0.776183,0.396287,0.810099,26,6
rep3,X4_company_harm,controversial,0.3,BLOCK,Multi-Dimension Divergence,0.816677,0.413489,0.838135,26,6
rep3,X4_company_harm,controversial,0.4,BLOCK,Basis Divergence,0.852628,0.431142,0.864803,26,6
rep3,X4_company_harm,controversial,0.5,BLOCK,Basis Divergence,0.883589,0.449117,0.88934,26,6
rep3,X4_company_harm,controversial,0.6,BLOCK,Basis Divergence,0.909509,0.467254,0.911174,26,6
rep3,X4_company_harm,controversial,0.7,BLOCK,Basis Divergence,0.930664,0.485362,0.929989,26,6
rep3,X4_company_harm,controversial,0.8,BLOCK,Basis Divergence,0.947545,0.503229,0.945728,26,6
rep3,X4_company_harm,controversial,0.9,BLOCK,Basis Divergence,0.960755,0.520638,0.958547,26,6
rep3,X4_company_harm,controversial,1.0,BLOCK,Basis Divergence,0.970922,0.537375,0.968748,26,6
